!Particle sizes in microns,
distribution,sizes
!AMAD,0.000926160023234729
!AMAD,0.00162535924875077
!AMAD,0.0038408886874645
!AMAD,0.00595557119106787
!AMAD,0.00987693114329448
!AMAD,0.0195128269901274
!AMAD,0.0381121659591933
!AMAD,0.0559222030906496
!AMAD,0.0896870165561367
!AMAD,0.167566269892856
!AMAD,0.312950005914161
AMTD,0.0006
AMTD,0.001
AMTD,0.002
AMTD,0.003
AMTD,0.005
AMTD,0.01
AMTD,0.02
AMTD,0.03
AMTD,0.05
AMTD,0.1
AMTD,0.2
AMAD,0.3
AMAD,0.5
AMAD,0.7
AMAD,1
AMAD,2
AMAD,3
AMAD,5
AMAD,7
AMAD,10
AMAD,15
AMAD,20
